<?xml version="1.0" encoding="UTF-8"?>
<component type="desktop-application">
  <id>org.gnome.Adwaita1.Demo</id>
  <metadata_license>CC0-1.0</metadata_license>
  <project_license>LGPL-2.1-or-later</project_license>
  <launchable type="desktop-id">org.gnome.Adwaita1.Demo.desktop</launchable>
  <developer id="org.gnome">
    <name>The GNOME Project</name>
  </developer>
  <name>Adwaita Demo</name>
  <summary>Tour of the features in Libadwaita</summary>
  <categories>
    <category>Development</category>
  </categories>
  <description>
    <p>
      Adwaita Demo is a collection of examples that demonstrate Libadwaita
      features.
    </p>
  </description>
  <screenshots>
    <screenshot type="default">
      <image>https://gitlab.gnome.org/GNOME/libadwaita/-/raw/main/demo/data/screenshots/screenshot.png</image>
      <caption>The main window</caption>
    </screenshot>
  </screenshots>
  <releases>
    <release version="1.5.3" date="2025-12-24">
      <description>
        <p>A new build of libadwaita.</p>
      </description>
    </release>
  </releases>
  <project_group>GNOME</project_group>
  <url type="homepage">https://gitlab.gnome.org/GNOME/libadwaita</url>
  <url type="bugtracker">https://gitlab.gnome.org/GNOME/libadwaita/issues</url>
  <url type="donation">https://www.gnome.org/friends/</url>
  <content_rating type="oars-1.1"/>
  <translation type="gettext">libadwaita</translation>
  <recommends>
    <control>pointing</control>
    <control>keyboard</control>
    <control>touch</control>
  </recommends>
  <requires>
    <display_length compare="ge">360</display_length>
  </requires>
</component>
